N,P,K,pH,Pannual,Tannual,Yield,product
8.45,37.47811244997189,133.83047693063168,6.815530997760696,747.7080473996225,48.862289242062964,8963.0,corn
11.105075769022068,46.06512568212939,231.81017533510837,6.494164426304893,967.6004923463456,49.17251611303732,8970.0,corn
9.207711577066217,31.77411395370879,197.8766801329184,6.570916543170794,755.0,48.67209569383289,8978.0,corn
2300.0,85.0,308.0,6.85,898.0883621672663,48.71821465167429,9000.0,corn
2400.0,61.0,320.0,6.8,908.8337737742615,49.21546860494721,9000.0,corn
0.212801997053833,48.88613407320547,247.29590110486683,6.823454675547315,740.3919201374679,48.71945588622786,9040.0,corn
16.010796969747283,47.75101599458159,168.67882682735475,6.938629837593044,1048.7509737045957,48.637160571279026,9066.667,corn
6.145551969820748,26.4591651359395,204.2450830651189,6.938654803036299,997.0,49.23522324350721,9096.0,corn
19.53691601803502,27.214204585782344,84.92387269566817,6.791633130989744,997.0,49.23522324350721,9104.0,corn
4.2470209299373405,19.821210081644796,79.09606684656084,6.790845966023746,934.3615286065524,49.13648368395535,9133.333,corn
9.381442472685906,58.21855975895356,12.882707115337723,6.925673540358883,1028.302351434173,48.940524618210986,9250.0,corn
11.12,24.10242716547961,194.78631071011472,6.834020569157353,949.6511925059624,49.59847409894641,9289.0,corn
1.3204943057087457,32.343602495738594,-95.96098690412968,6.581014654306647,802.639159296434,48.80302084928593,9300.0,corn
1.740894884063955,39.461444887286845,212.37653799421565,6.943669073550608,952.8531006436102,49.342593583348496,9344.444,corn
6.588335592392969,43.93807902072245,307.8030796916011,6.814062185433127,952.8531006436102,49.342593583348496,9366.667,corn
-0.9018546895941544,31.591261484360807,87.42592340496861,6.296279525043268,1048.7509737045957,48.637160571279026,9455.556,corn
7.837860708725588,28.027105648676592,276.58864476817155,6.64769349588475,934.3615286065524,49.13648368395535,9466.667,corn
6.542965586968763,41.50157248174913,150.46829569690112,6.6039058916768045,1007.0,49.074256453128186,9483.0,corn
4.8471236069927714,46.516290092797895,210.8952653467885,6.5200680436405545,906.498519304108,48.57889835306928,9520.0,corn
2.20178208294916,11.492164414420865,154.5518793167947,6.664462202514619,827.1038514319298,48.74145847512951,9600.0,corn
18.4,38.89758406604927,248.93731628105724,6.785196308662633,1033.8886071029226,49.51395644957755,9653.0,corn
-0.5858355717553696,38.05354285874582,60.14890986772883,6.650491884297088,889.5967509650335,49.22074231097465,9690.0,corn
13.869912394064832,34.62128509709614,226.9557036556919,6.871020184418066,1077.2229150014275,49.10329963325806,9700.0,corn
-2.349117341691959,27.7776326891784,218.68356440780477,6.516143547531267,1077.2229150014275,49.10329963325806,9800.0,corn
7.284408565796596,45.5467593414721,126.07077923879918,6.985476175923549,906.690516097776,48.79044125322525,9800.0,corn
5.999962199142067,40.023625181331184,168.67484572534414,6.843080557421155,833.392264538737,48.99391999739832,9800.0,corn
-1.1063811564075978,37.70250949201705,92.80781796859912,6.8271579002910965,906.498519304108,48.57889835306928,9880.0,corn
27.04,53.29919699983033,163.51793620958614,6.629829984209094,1021.0068379822484,48.77888612465989,9884.0,corn
13.95,14.992614894246724,179.41187145615814,6.741181153023205,872.3174785851309,49.44088565631863,9884.0,corn
-0.8445079547570193,32.77627606172871,151.76155815157108,6.6869085032822815,866.0,47.93724591118018,9920.0,corn
5.876675656741437,27.922640667451816,175.00662442850668,6.45770662412755,1004.3321431610332,50.165852121729564,9940.0,corn
-3.166213665970786,48.87040445466457,173.6886582906762,6.763655373383687,1004.3321431610332,50.165852121729564,9970.0,corn
1.8675002969867736,22.58531692211997,169.2263016235595,6.582773256676838,1024.0444392066122,48.847452571594104,9990.0,corn
8.757780238479935,30.10048087646239,127.01203888697064,6.84064267828914,827.1038514319298,48.74145847512951,10000.0,corn
9.958100548387284,35.67309602247001,222.9864591373742,6.560437607698372,800.2945171115086,48.96415976083021,10010.0,corn
8.38161978072807,48.61224654369761,204.1867833224475,6.48447334377135,957.2557906696724,49.205761229965574,10010.0,corn
14.67404804070227,53.34289298670535,243.9802234315085,6.956273865800309,1024.0444392066122,48.847452571594104,10010.0,corn
5.881270452185094,42.19576071430812,118.48757828807904,6.8272331990295445,1275.0,49.019710627981524,10036.0,corn
4.225436331793989,42.19205464792828,165.7952021170053,7.042181086730434,1275.0,49.019710627981524,10042.0,corn
5.547836877177517,50.00830488126769,325.629469601479,6.6990175113089565,1007.0,49.074256453128186,10049.0,corn
2200.0,40.0,267.0,6.59,898.0883621672663,48.71821465167429,10060.0,corn
2200.0,40.0,267.0,6.59,908.8337737742615,49.21546860494721,10060.0,corn
5.522363512411264,46.57127582074836,263.6087245921564,6.582000717132734,937.7490559461988,48.60620568315784,10100.0,corn
14.78225480189694,36.05092061645775,143.87608093465207,6.373408498609735,833.392264538737,48.99391999739832,10100.0,corn
7.95,33.71325432855842,281.7825635670929,6.898648334052767,1024.2259775816533,48.54156219224412,10182.0,corn
9.85,61.93832962995495,146.5439186453965,6.626218364299147,900.6319618498178,48.89885761527832,10248.0,corn
8.99,24.71173498509497,108.43401518837844,6.568189234742457,911.125633141005,49.08641847818121,10248.0,corn
17.11,44.17570399236253,155.01448836688877,6.801219568392288,1147.387722936579,48.945775850080835,10281.0,corn
3.195519336527892,36.27553378052181,289.1782554760803,6.511470132402672,733.2417199810776,48.77731483494538,10300.0,corn
5.200736590212206,33.33462150901379,121.87529417586498,6.34971133142217,906.690516097776,48.79044125322525,10460.0,corn
5.500861177940258,19.14290403362572,260.607592289232,6.683009212973875,956.063558050322,48.57313185829423,10460.0,corn
3.366722076250593,20.34432535729315,172.08335618954197,6.837051757138432,895.4689270965705,49.52241593027476,10460.0,corn
4.652823769452015,34.12530296353162,317.8046061226712,6.570673936108347,1014.2918408831948,48.72292052593592,10600.0,corn
25.21,34.46801675279187,177.5523887009217,6.994086259463381,1207.3357645581723,48.496145302472726,10843.0,corn
6.980675706442432,35.5720001438819,206.36941267454108,6.516372155635924,866.0,47.93724591118018,10898.0,corn
5.715223407378094,63.33219767123098,-19.80683670895729,6.946069205786616,937.7490559461988,48.60620568315784,10900.0,corn
-2.694814510819234,55.15759644306589,13.978476972128703,6.8088618359146365,886.730134529544,48.667185923980256,11000.0,corn
10.987007611297416,58.02170240159409,261.6909982805546,6.49586965418647,968.3906402883194,49.368537953848445,11100.0,corn
3.4410989051624368,35.5788964730081,263.1585566516667,6.968917928170681,916.4342558249284,49.02782401261483,11190.0,corn
0.036363737810948,34.045763071337824,186.37884313198592,6.780244819998251,1028.302351434173,48.940524618210986,11190.0,corn
1.776,40.58691716271868,231.39142737248,6.800193683267346,831.0,50.36,11200.0,corn
6.627265023497159,23.755451669408167,227.82961872500903,6.606846307422096,968.3906402883194,49.368537953848445,11200.0,corn
6.995397389275757,36.36032146420992,281.7171905714953,6.785352262535601,886.730134529544,48.667185923980256,11200.0,corn
9.754842344021302,31.177682187821546,254.56249116146827,6.680650955291179,968.5222921115874,49.087847772486484,11400.0,corn
3.587702491594296,42.592260301222304,36.75887689352521,6.36862048546828,1093.0051395073842,48.85482214006788,11510.0,corn
8.966122203896205,40.23795874175523,113.30483367763908,6.862488797927105,916.4342558249284,49.02782401261483,11580.0,corn
8.511222969199235,46.51584597412551,130.98404651292088,6.737603624788891,1014.2918408831948,48.72292052593592,11700.0,corn
-4.159059916491052,73.4828065360419,103.76918824601584,6.974300697188787,968.5222921115874,49.087847772486484,11870.0,corn
5.6020787919426365,23.487645300033414,197.9499014057635,7.147835298996059,733.2417199810776,48.77731483494538,11900.0,corn
6.24390599776081,41.76042306693383,207.23241833443385,6.659080540135121,837.7860012387478,49.252686835056124,12100.0,corn
-3.793801630262631,38.58885742753811,175.41253383593096,6.605449253965891,956.063558050322,48.57313185829423,12180.0,corn
6.972221231283075,19.176334055291928,165.02890199732403,6.969301458276509,1093.0051395073842,48.85482214006788,12200.0,corn
4.134,40.51535301357855,172.2786455508427,6.541805076303792,831.0,50.36,12400.0,corn
7.919036573134639,33.310741649359635,122.40904102060796,6.944273489016201,837.7860012387478,49.252686835056124,12400.0,corn
4.717,38.232181838022505,43.646395408909,7.126846931203905,865.0,49.82,13300.0,corn
6.338,34.992467807157645,270.71075576731727,6.43948053838983,865.0,49.82,13300.0,corn
-4.4086706764518295,55.61251823836077,312.2237538794982,6.774347736032686,1023.8062629765868,48.312875999054235,13710.0,corn
7.515768319636994,24.245656625115068,180.9419804335987,6.593214970143339,801.0909126582425,49.24157063933976,13800.0,corn
4.70917969134517,30.084189712526115,269.120080208602,6.908631396986435,1008.684470543214,48.439258341023496,13800.0,corn
7.102494829170261,43.58816207396531,249.34976483521325,6.508488579933853,1023.8062629765868,48.312875999054235,13800.0,corn
-7.037401364663803,42.73997642203222,-126.9039807366476,6.811125165034156,801.0909126582425,49.24157063933976,13807.0,corn
15.813541025282898,17.0380106989674,142.20730996593818,6.724318609884473,1008.684470543214,48.439258341023496,15788.0,corn
12.068069231057155,48.86046924068611,119.70577001387636,6.729504159560241,1287.0,48.92,16720.0,corn
14.772300283031797,56.01043489103039,173.84757893723358,7.053747620596792,1287.0,48.92,17260.0,corn
4.8814589769206,51.17400397201485,80.18192133134355,6.909825242518443,826.0,48.92,18210.0,corn
1.5108494027554098,63.53899483090763,92.43303312948336,6.779707636139586,826.0,48.92,18500.0,corn
5.168320485469465,51.73035594660141,256.4441440177412,6.531820454215977,1287.0,48.92,18570.0,corn
2.1365419458539554,35.73807070437706,210.0242321581269,6.763236821339438,1287.0,48.92,18570.0,corn
7.420702564600171,37.37744613964073,228.77215573700357,6.5576363066221806,1287.0,48.92,18570.0,corn
4.511969386272199,47.48316286795714,212.2136470993419,6.893313089269822,826.0,48.92,18870.0,corn
6.67039996611064,49.12104681947143,131.2599050558028,6.580290412158661,826.0,48.92,18870.0,corn
4.099640485343638,35.696028475022366,124.26744354280105,6.651633036300278,826.0,48.92,18870.0,corn
2.863273640747229,45.84140231714227,255.24264077555745,6.743918053374501,945.0,48.019999999999996,19210.0,corn
9.1316883362245,43.65129088620027,197.15833943092343,6.766648428230697,945.0,48.019999999999996,19210.0,corn
7.659876663107325,37.11384516609064,151.6205523538148,6.538465823738834,945.0,48.019999999999996,19210.0,corn
7.862077227927323,53.22582987563148,113.4456994746386,6.911544331000584,945.0,48.019999999999996,19210.0,corn
6.205377858158523,38.35741968737199,235.77796428728865,6.96065379311264,826.0,48.92,19300.0,corn
6.970650568815312,43.4710035637182,36.83586339657951,6.822867809085991,1287.0,48.92,19580.0,corn
-0.7623607317520813,41.71039200859641,116.9823218522972,6.534935051814452,945.0,48.019999999999996,19600.0,corn
10.582965400154936,39.67662180443387,203.0772295145948,6.626627966786493,945.0,48.019999999999996,19610.0,corn
-0.6830584338477461,114.3080788057514,191.93142906023417,4.358461681709054,892.6152428333891,93.9177812741754,2185.0,cotton
2.147790213914158,82.78711632261225,195.4288060898798,4.910222576120099,752.3092920654012,88.54016582952282,2191.0,cotton
-0.3451481720977059,69.19104740564731,224.7432071181968,5.162324263766868,893.2328089193114,79.70239340454495,2240.0,cotton
4.062289079764956,75.8021287752469,207.55595206272133,5.33118022247417,825.1940715676986,80.22204096934911,2260.0,cotton
0.382742155704209,91.05280738253276,211.15524664656064,5.751509491189535,765.9104145566963,91.12504128562392,2326.0,cotton
5.94873341643946,110.25497627288156,248.3927839521345,5.383218783484401,703.117392873397,84.96492354771135,2328.0,cotton
9.500259026958354,96.67758101442952,232.29468555841385,5.2633382990008215,810.2343965060287,92.45066739945617,2328.0,cotton
-1.1946101744923965,102.50312908533915,237.5447392071356,4.593178594935002,830.2898918975121,88.39925239098369,2328.0,cotton
10.71908630285778,111.61379563733075,234.55041695920696,5.420270152723465,761.3561478316421,95.33587204061244,2350.0,cotton
3.3963380248489923,67.31999563986983,233.97179608918375,5.60326705468101,902.5386027036544,84.35038430050925,2350.0,cotton
11.441980091348032,101.25132710217392,244.55556282273292,5.59593272747125,869.5083125567675,78.37670838477021,2350.0,cotton
5.1837232295058335,73.2328834962465,195.0585254655576,6.161827592246264,754.4820640817068,84.4850620165778,2351.0,cotton
3.61576961539737,111.57503687940677,199.85724071262013,5.650774605407637,899.2794930384802,93.11924014905864,2369.0,cotton
4.515993388283941,127.11419438253878,225.6923753305213,4.772885132942859,634.5215486736955,80.33735673403993,2370.0,cotton
6.9215855515354825,42.6267521302345,190.1257719014436,5.753700833492209,821.7459907045618,92.01766059452548,2389.0,cotton
12.763584614447986,97.74760828520589,187.7157266488028,5.606655924559085,900.8667397666892,81.8169388800315,2395.0,cotton
17.6468332395101,46.78073629859344,196.2337006725317,6.1225963531549645,935.3290426124348,90.17240399831618,2409.0,cotton
13.795922610595335,79.8862118633066,234.44545807124877,5.348489706506478,791.6077935607103,82.2189569609006,2410.0,cotton
7.214110464601584,66.18377131048972,197.99044808846256,4.767867375658703,703.117392873397,84.96492354771135,2415.0,cotton
15.269877916198482,78.48911626163044,227.03112379833544,5.283903451014709,782.3138157300474,79.66246152938875,2420.0,cotton
12.425530316360469,95.35721132819025,200.48415790034056,5.033759192744282,762.3661585757353,89.51762826576847,2430.0,cotton
11.35524679975417,102.19257571334418,193.31218542197928,5.869941815602197,869.5083125567675,78.37670838477021,2434.0,cotton
7.484766210834197,91.12155507662506,218.6646532311933,5.258879702518368,843.2857140218209,91.781310156605,2434.0,cotton
8.872049304882907,99.394328833972,198.03495929315145,4.89450735055436,825.3395213530339,87.4278607239513,2461.0,cotton
4.1902293290748105,103.80662459452324,235.00236970649811,5.615086915628164,899.2794930384802,93.11924014905864,2472.0,cotton
2.6879930014160154,89.93760147730823,233.0522480528715,5.172081443917645,744.9358051413608,88.73138153909153,2480.0,cotton
4.613623440999644,128.6718375659464,246.00633514157835,3.618013658286423,765.9104145566963,91.12504128562392,2486.0,cotton
6.164999706613176,105.16225287795136,254.69106471999035,4.919701149606597,775.9060969570837,75.94315974926282,2490.0,cotton
9.780107136570267,73.53548612502394,229.26518804296853,4.653735687473878,491.8730507011698,93.43209205783918,2490.0,cotton
0.8216851665107425,75.13494394263854,230.69558585449548,4.636653801020949,804.71007338767,79.31861507606774,2490.0,cotton
6.620040093092417,78.24269522666187,198.37300006453,5.911668364371959,761.3561478316421,95.33587204061244,2492.0,cotton
12.250265453947272,93.22054555795349,235.6015137824728,5.288328523429852,768.285364622288,92.00701845888204,2510.0,cotton
7.67265548248213,62.74670860200841,201.979128954003,4.843940686470544,800.923391928994,90.32399344394742,2581.0,cotton
4.387662117453576,84.27650256353638,208.67814992660848,5.8493149101356,516.9156351504032,73.49876679017572,2596.0,cotton
6.419100535311539,100.75401123624954,190.86327845578845,6.157708215476655,830.2898918975121,88.39925239098369,2599.0,cotton
10.582334324575417,117.85253618007064,191.73814295551975,5.071171164887256,953.4158219308968,81.5694138552433,2610.0,cotton
13.479930674214636,100.31457560132012,243.1820850499791,5.037192830640813,801.5358257532841,85.92893297690017,2620.0,cotton
4.201670066293143,87.01120077533294,193.3451465712677,3.9564245592986182,893.2328089193114,79.70239340454495,2640.0,cotton
0.3620205870805923,81.60942963606847,200.04417094704343,6.144714350441819,810.2343965060287,92.45066739945617,2646.0,cotton
-1.800537768564074,75.85320600273666,239.47400552371712,5.776227982596049,721.2789214428487,84.9392632863334,2660.0,cotton
7.153632905466528,72.08906822216885,241.381332498312,5.635727118792431,754.4820640817068,84.4850620165778,2664.0,cotton
3.19554675289461,85.99103955510758,218.7222719893488,5.773413076563618,953.4158219308968,81.5694138552433,2664.0,cotton
0.2254683074602095,69.92235652496474,222.8131718212753,4.972634513982269,825.1940715676986,80.22204096934911,2664.0,cotton
-2.677098737650901,95.11423367377792,241.9757105552351,4.89184179007887,835.8994338935836,84.41436550590959,2680.0,cotton
5.764468640824525,102.21696684259577,242.48790339140345,5.253808395967121,676.1079287361039,82.41688328771843,2710.0,cotton
8.826214792798423,51.95733308641455,199.39880549812685,5.9922288454578165,883.201718888453,84.09931091980573,2723.0,cotton
7.417194253971264,85.93076367610458,197.50697662959584,4.3853997302997385,782.3138157300474,79.66246152938875,2750.0,cotton
12.978000023430052,55.668685887829945,224.846461049656,5.824438256570534,762.2326800710662,88.10434395502257,2760.0,cotton
0.5932857127751969,75.36904398732611,194.1590264544602,5.330593415887058,634.5215486736955,80.33735673403993,2780.0,cotton
9.374761806449635,70.15845030440526,204.58323456122068,5.438256318444954,775.9060969570837,75.94315974926282,2781.0,cotton
8.814667085896255,58.750868563048805,203.5467133994538,4.302795983817868,617.6057914914493,83.8523824549302,2782.0,cotton
7.696679106952177,65.8795528591365,197.122650866911,5.154573819426767,721.2789214428487,84.9392632863334,2790.0,cotton
8.937816580849374,88.84079722512149,200.92498973667685,4.1365800721139845,491.8730507011698,93.43209205783918,2798.0,cotton
3.54472477616745,82.70532761638628,196.3291438124967,5.186896086368242,744.9358051413608,88.73138153909153,2830.0,cotton
-3.980736511278528,68.55143626553065,209.7751965192209,4.626166191075316,801.5358257532841,85.92893297690017,2830.0,cotton
11.366960292629695,75.54570744684828,196.0829110910601,5.8142739788283695,791.6077935607103,82.2189569609006,2830.0,cotton
15.05070103039924,43.99380027164239,205.94700313687852,6.441868470971412,768.285364622288,92.00701845888204,2870.0,cotton
6.19483626380987,124.79910010420856,219.15424081889088,4.8072212347257866,791.2267106732952,85.18684599427921,2880.0,cotton
2.7716265017572783,132.29529722225092,221.63475036556585,5.787787772497302,632.8156685509907,82.00246032001432,2900.0,cotton
4.0875228225930975,94.29548906602696,195.38988543561507,5.323413467476463,804.71007338767,79.31861507606774,2925.0,cotton
4.641291202360396,78.26542750029031,233.80943135490548,6.436452682979687,751.8143169237927,86.24285311159933,2930.0,cotton
4.861309957127105,121.55267830257898,230.73864203769267,5.93611535427997,832.802144767259,89.28256479661879,2930.0,cotton
7.991545298627432,103.34857653418224,233.83289965366785,5.91375592988711,835.8380273899588,87.39771904617707,2930.0,cotton
5.323948928469603,61.34709402118061,202.1463849165976,5.693915449643928,894.1894707102279,85.13544532652516,2947.0,cotton
18.8761119887627,94.46641082253252,208.135124229914,6.280244220250381,835.8994338935836,84.41436550590959,3010.0,cotton
13.282193141113808,64.13988442860366,194.75810779902292,5.698390367864311,832.802144767259,89.28256479661879,3053.0,cotton
6.545210802683872,100.88916851101251,213.04701391674888,6.241922092008936,762.2326800710662,88.10434395502257,3100.0,cotton
2.8083010466847966,74.13841586561664,179.84924632006357,6.413545516040602,598.8180157214241,88.43782660695439,3108.0,cotton
8.716927990341782,135.20621456904502,231.6436879189837,6.254729760090481,752.3092920654012,88.54016582952282,3135.0,cotton
19.51124944145143,132.74599671908885,209.3941735314324,5.367749948072822,883.201718888453,84.09931091980573,3135.0,cotton
6.50110208710344,111.7195974350704,230.18951623685143,5.305486682453446,516.9156351504032,73.49876679017572,3135.0,cotton
10.630138573760789,53.6575887918198,204.1613439066857,5.892001814290908,632.8156685509907,82.00246032001432,3140.0,cotton
13.496998558456456,54.89839176839388,193.7520838356845,7.261229455539607,751.8143169237927,86.24285311159933,3145.0,cotton
2.2697168132548287,90.77123506281774,239.1318705884124,6.634307206908238,900.4552445237634,80.5801341753625,3146.0,cotton
4.784857994088156,56.94896761234192,199.7466312769108,5.64968077818852,835.8380273899588,87.39771904617707,3156.0,cotton
4.308717491541965,107.29115649532436,247.507899690928,5.3436796927292445,849.9767221051379,81.77393554513958,3160.0,cotton
1.0558289296356866,99.26609270599056,200.0496421868668,6.326565671004161,849.9767221051379,81.77393554513958,3180.0,cotton
6.947857820829073,123.66791503870432,197.02640260303272,5.640293980337202,791.2267106732952,85.18684599427921,3180.0,cotton
0.2351004157542178,69.283426323424,225.2256416570501,5.892238580629711,598.8180157214241,88.43782660695439,3217.0,cotton
3.409333073476413,99.34485602986588,249.06366353453527,3.963613499209809,702.6297749076844,92.07103488617622,3217.0,cotton
5.007776443158592,64.0767689640482,207.8493389350025,6.425463904150068,676.1079287361039,82.41688328771843,3360.0,cotton
1.283928278520711,100.36499136249628,236.40467095633312,6.404410359414631,831.383244799656,86.64750041012132,3471.0,cotton
7.378308282271777,110.65574831905931,233.50909122306416,5.596751600867981,747.5021153556636,87.433732684051,3471.0,cotton
9.673156254395323,88.42918839797365,231.89277894007023,5.9039910068150885,937.8285579673156,85.64456497755305,3471.0,cotton
7.320841762365474,95.1639774529785,202.9640387352015,6.303300606982196,702.6297749076844,92.07103488617622,3613.0,cotton
4.785231598774012,51.38063404531501,236.24496026272004,4.3819110212522325,936.6536114349092,86.21366943640045,3630.0,cotton
9.28263693806522,73.24901459594875,188.58430873645736,5.598998524690847,937.8285579673156,85.64456497755305,3666.0,cotton
10.86014687310618,86.09536603911597,180.0680416745102,6.269307374820439,747.5021153556636,87.433732684051,3693.0,cotton
6.9640461484266805,95.87499487904888,235.95066515196777,5.079104595460239,666.9315401137161,84.52470933720215,3730.0,cotton
3.079276810998996,98.75570884819405,235.73890504373284,5.982181329689638,585.8318543295939,85.09299584777085,3740.0,cotton
3.395982510325295,70.51161870815433,221.61097443764567,5.808102984105119,632.7797717122033,77.93142615928875,3820.0,cotton
10.31545927513848,100.13991386795745,198.88631804991053,6.205813957281864,831.383244799656,86.64750041012132,3845.0,cotton
5.650507670286544,116.52554556105756,236.3840678582431,5.69509573450812,810.2961278429908,88.1154374448491,3900.0,cotton
3.3568317145254247,75.06445118855477,221.5840273933165,6.302154151528103,876.4334092020298,85.03802550915162,3930.0,cotton
16.76919354693158,70.4629141463414,206.57347743181333,4.6534411533404265,585.8318543295939,85.09299584777085,3960.0,cotton
1.8892780869622072,82.0005015893144,200.61042878877524,6.400586116441032,666.9315401137161,84.52470933720215,3960.0,cotton
12.950697923431497,129.0019196865295,201.94503032105467,5.306853575947189,810.2961278429908,88.1154374448491,4000.0,cotton
-0.6128624039593786,76.3533857665836,209.0274902368041,5.863261027759902,632.7797717122033,77.93142615928875,4090.0,cotton
4.366413023561281,62.39863552613485,193.8357730933965,5.975543288112495,936.6536114349092,86.21366943640045,4130.0,cotton
3.6320095925115257,98.71995302203628,206.72566117064488,6.475162907699513,876.4334092020298,85.03802550915162,4150.0,cotton
1.814596878501248,163.88006321016064,0.3708326377942091,6.577738252925693,1104.72,69.423499994,4600.0,rice
1.0170801620450691,194.55199798093932,0.2851869454442376,6.602648073005296,1217.97,69.251,4600.0,rice
1.3646153409715958,166.37536624451172,0.2879450493029205,6.599049824392254,1127.1656859525133,69.28434537232738,4670.0,rice
4.389889894311805,183.6075458397844,0.2496578194532364,6.7859341714150565,1217.97,69.251,4700.0,rice
4.991397924901939,134.9668933384494,0.2532953243325434,6.8529668810696895,1217.97,69.251,4700.0,rice
-0.041644589812708,163.24096761782434,0.2789580232460465,6.668732813925,1271.8310991773496,69.51803600559026,4750.0,rice
0.4124285134532068,92.05619080430012,0.3047625250009301,6.9240838922103976,1644.54,67.915999994,4800.0,rice
4.506543513237211,128.03917833338085,0.2892968631637175,6.425194233988052,1104.72,69.423499994,4900.0,rice
1.417641960810324,132.11127170673907,0.32653467149712,6.612565550332921,1644.54,67.915999994,4900.0,rice
2.5035730497989737,192.1828063861775,0.300852375486096,6.44786617760861,1217.97,69.251,4900.0,rice
1.4573767209986837,210.58225204319507,0.2723819355572986,7.057079565548856,1217.97,69.251,4900.0,rice
0.09,4.0,0.04,6.24,1134.2483433800105,69.28489540054505,4910.0,rice
3.65423979006025,174.74570313957025,0.2990134225982382,6.961443843736999,1217.97,69.251,5000.0,rice
2.900722826118047,135.86519975789125,0.3832800150808223,6.2618844646320495,1217.97,69.251,5000.0,rice
-0.5893907501196622,135.46358685287692,0.3764972282887152,6.585429703148241,1217.97,69.251,5100.0,rice
1.2864030701154154,120.7172839289774,0.2886221447911484,6.637750640116832,1217.97,69.251,5100.0,rice
1.8675425157796035,149.86417658921505,0.4486424749584136,6.997274466349101,1104.72,69.423499994,5100.0,rice
2.674592773613468,139.88414133955445,0.3301195404579937,6.430544073139433,1104.72,69.423499994,5100.0,rice
1.94185579877374,232.85326299164348,0.4252387665294678,6.993281881691228,1217.97,69.251,5200.0,rice
2.097915059257448,150.2821066782124,0.2959173804700715,6.348987471259295,1104.72,69.423499994,5200.0,rice
1.6591787561625169,163.39616869866006,0.3373295085989262,6.829905173371156,1644.54,67.915999994,5400.0,rice
1.7236707031672085,204.0954556710898,0.2775745660716439,7.01846508058143,1217.97,69.251,5400.0,rice
1.5,680.0,0.2832940001398047,6.5,1302.785340458148,69.6755768775617,5480.0,rice
0.766822129688146,157.10507597893792,0.2841416639087632,6.488706528740648,1104.72,69.423499994,5500.0,rice
3.408605257745573,147.4703763464132,0.2289900614351045,6.567931514219315,1217.97,69.251,5500.0,rice
1.321800027465625,186.8681378994881,0.2869377653123325,6.7950102917120745,1644.54,67.915999994,5600.0,rice
0.6371877331625968,191.21549034373675,0.3452611947662367,6.776395090210558,1104.72,69.423499994,5600.0,rice
3.358456241296219,146.0702413830865,0.2463038862201411,6.835730855250896,1104.72,69.423499994,5600.0,rice
10.189,159.5369737003418,0.2658862941631977,7.024291381792869,1487.13,66.399499994,5610.0,rice
490.0,63.0,0.3,6.5,1394.6481579808471,69.50573297988409,5700.0,rice
490.0,63.0,0.3,6.5,1334.5168264047768,70.01783353339783,5700.0,rice
2.5627495087653296,185.45225317849025,0.2066263648270527,7.111281348016535,1644.54,67.915999994,5800.0,rice
2.09741516726464,130.77428530338028,0.3516272413220119,6.661579387358914,1332.3132258926412,69.53874108017493,5910.97,rice
2.635873999575497,175.1828141544101,0.344855775404924,6.516539152542376,1313.09513611181,69.69882336769163,5910.97,rice
2.0938262155406666,173.65763113221828,0.2220759444064379,6.615471415521478,1307.704390006728,69.07872260043416,5910.97,rice
0.6233154202897262,124.5059572124976,0.3113770095732791,6.690312793124062,1332.3132258926412,69.53874108017493,5980.4,rice
3.04867297915502,169.3662024173241,0.3483357241329414,6.196849172728956,1313.09513611181,69.69882336769163,5995.47,rice
-0.1289100127225382,34.575381498850035,0.241964947728279,6.732423389544531,1217.97,69.251,6000.0,rice
1.848476105716743,106.87464190511942,0.2240851929480384,6.651073995495485,1104.72,69.423499994,6000.0,rice
1.3937625424851603,182.94460670049648,0.3910668612398553,6.726767103583007,1307.704390006728,69.07872260043416,6072.93,rice
1.631324386051242,190.61034047077413,0.0714986788398267,6.711924222124264,1217.97,69.251,6100.0,rice
2.8538606561698074,130.9168729756854,0.3442232549392415,6.207241290059065,1127.1656859525133,69.28434537232738,6200.0,rice
1.3910725399804869,177.6334996564467,0.3443326776682264,6.822051654575424,1644.54,67.915999994,6200.0,rice
2.5913950843194344,124.0048209700346,0.239104812881604,6.703058619973306,1217.97,69.251,6200.0,rice
2.341753791651587,166.22891501361428,0.3066969748199092,6.864968969517434,1161.2075335626091,69.52233304067522,6264.71,rice
4.320019070625351,124.67186887608152,0.244595399311046,6.3974778373074574,1415.1451046800871,69.78266468001817,6264.71,rice
1.1446725357398813,134.37042803030596,0.3260706533382055,6.830131687009152,1324.9382974603195,68.63961748496735,6264.71,rice
2.415681994205257,159.04206117788232,0.3200752240918874,6.31463064340084,1644.54,67.915999994,6300.0,rice
1.017301956882441,194.02764172818337,0.3256444938220826,6.448464051600854,1415.1451046800871,69.78266468001817,6351.35,rice
1.4014305487142027,171.20991578068552,0.2008114782301951,6.712085956355721,1324.9382974603195,68.63961748496735,6369.96,rice
1.7789282367021957,235.3182249137871,0.3417191289709818,6.739619894476409,1104.72,69.423499994,6400.0,rice
1.565025206337616,62.52366129970942,0.310910875884301,6.647625293692807,1217.97,69.251,6400.0,rice
2.848567504857274,192.8812917657513,0.3365896042558047,6.278004747203146,1161.2075335626091,69.52233304067522,6464.55,rice
1.10823850491053,211.8602793515706,0.267909432387811,6.666619744177989,1271.8310991773496,69.51803600559026,6510.0,rice
2.904579064765543,156.48396832996087,0.3499371544470017,7.053561810240425,1217.97,69.251,6600.0,rice
500.0,62.0,0.3,6.6,1334.5168264047768,70.01783353339783,6600.0,rice
1.83,143.53420037013993,0.37580216990935,6.614168938334951,1354.7499536552589,70.00721409084773,6712.84,rice
1.71,169.59160840397115,0.2698616780078649,6.866821638688845,1171.053516477867,69.82775469962567,6788.0,rice
1.5008708685282128,94.52985766346472,0.3430109558249382,7.212353411432716,1644.54,67.915999994,6800.0,rice
1.1374688970036535,189.82986263893395,0.3951918120420395,6.266766227271929,1146.3058765532471,68.77934801871436,6812.58,rice
2.2283457977142347,193.1377482543924,0.3009723842582351,7.086684379647437,1508.8295021703489,69.42234417749249,6812.58,rice
2.7977582613336045,187.96146527184564,0.2793481731981904,6.469686921245111,1396.1754622762212,70.06908934227084,6812.58,rice
3.826220005842756,126.57633492603358,0.394771332134332,6.830766237005886,1346.597655484562,69.17683685526015,6812.58,rice
0.0103706181286336,161.8091486432668,0.2878677364181418,6.558091162933735,1644.54,67.915999994,6900.0,rice
3.7833151608448095,122.8511821494661,0.2595521169172995,6.317849199470933,1435.3282749792122,69.07202877132872,6900.115,rice
550.0,101.0,0.3,6.4,1394.6481579808471,69.50573297988409,7000.0,rice
1.74,144.43649997032264,0.3462468843227035,6.9119037582280765,1108.2632304227052,69.53952030294346,7001.0,rice
1.74,146.9473199256787,0.2410798403430432,6.435594239326689,1264.874188140261,69.09311679603374,7001.0,rice
1.74,153.8147526783569,0.3287640694496895,6.722731358451838,1171.053516477867,69.82775469962567,7001.0,rice
1.74,74.77105726655357,0.2273832245161858,6.80918483651855,1354.7499536552589,70.00721409084773,7001.0,rice
0.7319626267407529,143.79232954981333,0.2376580926125364,6.595735007074701,1435.3282749792122,69.07202877132872,7179.5,rice
0.9849951120056328,112.24843774053716,0.2263651155292139,6.5361006599607885,1534.8802232465946,68.85779617375091,7179.5,rice
1.3853766748600451,162.30149551000213,0.1702334116127105,6.641106276657163,1473.3125824970534,69.1619475321638,7179.5,rice
0.2666543599100401,190.2015355134368,0.3150594394717451,7.171872074313907,1308.6423213452226,69.16168925969278,7179.5,rice
3.490560328805296,106.45458427101984,0.3043334639979998,6.565243458621372,1473.3125824970534,69.1619475321638,7317.125,rice
-0.0234408052654235,126.24109692549482,0.3296079059094052,6.728216471775887,1146.3058765532471,68.77934801871436,7369.435,rice
1.75,137.30036061225132,0.3398330929474356,6.434278365018017,1264.874188140261,69.09311679603374,7371.55,rice
2.740688539765765,141.38547620805548,0.2996686308833393,6.611320584490651,1396.1754622762212,70.06908934227084,7402.55,rice
1.87,113.00975748277816,0.3480246253403426,6.304163046117808,1108.2632304227052,69.53952030294346,7424.72,rice
5.107860689333485,230.50269624097163,0.292287240852655,6.602168254657658,1508.8295021703489,69.42234417749249,7448.285,rice
2.943471882858695,145.9361503121145,0.2881006492586522,6.167888300749265,1346.597655484562,69.17683685526015,7481.495,rice
2.724912407183881,181.76581036357464,0.3948018447356581,6.669513108171594,1534.8802232465946,68.85779617375091,7544.65,rice
1.84,149.64037181566184,0.3631721151368113,7.0069243988886605,1140.8249053840052,69.32452803636895,7666.97,rice
1.3773529745443267,114.01964649918082,0.2642626826006861,7.100358222966277,1644.54,67.915999994,7700.0,rice
1.77,109.32283950844692,0.3176803950486599,6.612223168405727,1211.576044873285,68.75322314056031,7797.29,rice
2.78982820203759,113.98388897582106,0.27829058961846,6.973053065162422,1308.6423213452226,69.16168925969278,7810.0,rice
1.75,153.9141828349932,0.2641810486309874,6.674046001954332,1273.1360279835642,69.61303447779673,8138.5,rice
1.75,156.77805350898848,0.3282406127946388,6.663514743692362,1140.8249053840052,69.32452803636895,8138.5,rice
1.75,171.1744277993696,0.3480132386828469,6.72146250484438,1211.576044873285,68.75322314056031,8138.5,rice
1.75,253.04171632210364,0.1920427969235127,6.831451962262693,1535.486342417912,69.17504600417014,8138.5,rice
1.86,183.51692803121847,0.268225091671858,6.618351432205473,1535.486342417912,69.17504600417014,8158.77,rice
1.89,176.16859594347488,0.3502008367014165,6.441072990690755,1273.1360279835642,69.61303447779673,8160.58,rice
710.0,150.0,0.1082377389855483,7.1,1258.6102098635226,69.07028584478402,8400.0,rice
710.0,150.0,0.3086436973723149,7.1,1069.656535656608,69.2065170691078,8400.0,rice
710.0,150.0,0.2762901331723951,7.1,1037.6643852170369,69.45698429273338,8400.0,rice
710.0,150.0,0.283571482449701,7.1,1311.319462038054,69.433065248364,8400.0,rice
750.0,152.0,0.3434879083656304,6.4,1311.319462038054,69.433065248364,12400.0,rice
770.0,155.0,0.2431741583244076,6.7,1037.6643852170369,69.45698429273338,12900.0,rice
800.0,157.0,0.2493387110082123,7.0,1069.656535656608,69.2065170691078,13100.0,rice
850.0,162.0,0.3356509420195658,7.0,1258.6102098635226,69.07028584478402,13300.0,rice
3.989691491382795,0.3548964293644324,1.3259456459443368,6.899063837087162,1074.0248293266718,49.19850169809128,2357.28,soy
3.588802289093533,0.5635881353305499,1.1845105467906505,6.815280546865304,950.0,48.36312893205863,2370.0,soy
3.658,0.3469214971373023,1.3177931655835335,6.783404098067965,891.0,48.92,2400.0,soy
2.9574642861219207,0.4639363354129239,1.3511226610221885,6.798792294141187,946.6055063682684,48.196481523981774,2400.0,soy
3.608987131676286,0.3076252773996191,1.0511046631312655,6.634416730624413,1186.3669409432327,49.3781971526722,2400.0,soy
3.991258437698159,0.3449988727377611,1.0276715102364973,7.030699298278829,630.0,49.53833291511013,2410.0,soy
2.9375667472855698,0.3814790591195922,0.7848594758317949,6.9338421124939975,737.7861061343914,48.63162382694653,2500.0,soy
3.917199364084527,0.4754687711005009,1.283942530106929,6.53026667211886,630.0,48.29380992748767,2520.0,soy
3.720158417382741,0.4237552870557384,1.253921102524886,6.740263201562082,861.6091615025709,49.026555859629596,2600.0,soy
3.344770614340958,0.4413354164924138,1.202361444769572,6.556839325099576,1287.0,48.92,2660.0,soy
2.785739084790124,0.385216781795337,1.3404155135324098,6.722621229533405,1287.0,48.92,2660.0,soy
3.2708842155201188,0.3995900770242913,1.235411464581661,6.566435648794622,1287.0,48.92,2660.0,soy
3.544,0.397835632986635,1.123495109101652,6.734408775809499,891.0,48.92,2700.0,soy
3.546374941442123,0.3941802167505507,0.968714500141914,6.677109530974414,910.0118014204904,48.646345710518546,2700.0,soy
3.225523215278401,0.514739367293493,1.3759316207903338,6.81915863790721,910.0118014204904,48.646345710518546,2700.0,soy
3.2749059904792026,0.4496380479173253,1.1830306323681,6.819509361016118,804.2275882440725,48.98549045021544,2700.0,soy
3.292415853695996,0.5416232833030741,1.2689334899059612,6.869000559745807,1186.3669409432327,49.3781971526722,2700.0,soy
3.600161385521409,0.4598555923367106,1.5532332662543582,6.894092991427489,737.7861061343914,48.63162382694653,2700.0,soy
3.457086614682446,0.4880068285679964,1.1400243937637584,6.877943183466317,861.6091615025709,49.026555859629596,2700.0,soy
3.375004727041108,0.3998581727505254,1.0743275031661328,6.911192650142133,917.1311183330762,48.72345526139936,2700.0,soy
3.4799384516852614,0.5202430549811246,0.933906763413678,7.044780784759056,878.93855147457,49.394757425546715,2744.13,soy
2.824883531038351,0.5135195942491719,1.2464936280907204,6.910751883104645,630.0,48.8678691687425,2770.0,soy
2.927044887724222,0.4965937143607608,1.0868540516371945,6.813549966431364,703.0298625199632,48.93947909449762,2800.0,soy
3.256588034299285,0.4585161861261052,1.0641386324294453,6.869479441050236,727.1159878249532,48.89579751381993,2800.0,soy
3.819484399917028,0.4117187628171994,0.9151172047121464,6.825039180337847,946.6055063682684,48.196481523981774,2800.0,soy
3.85461405712051,0.4525927263086842,1.2582131794427889,6.8769830159852114,1287.0,48.92,2810.0,soy
3.1720964101516933,0.4576577168220679,1.0371020886749889,6.787398450612671,1080.0,49.01553883689547,2820.0,soy
3.512560096983258,0.4814801006957271,1.247490480769924,6.7114629853074925,1080.0,49.08588659186183,2850.0,soy
3.0076929419680467,0.5121649796029832,1.417655026794883,7.018677693650693,795.801259829235,48.53300930674378,2884.6,soy
3.358353944594512,0.4522451014769439,0.9002202132511092,6.686602858893935,917.1311183330762,48.72345526139936,2900.0,soy
3.3405282118368955,0.545589057972666,1.0878014355652474,6.77123614087331,1025.8844450645845,49.191432524650224,2900.0,soy
3.219817166611249,0.4370169069946699,1.3824209713728597,6.783219952455831,705.9375724668673,49.248339111095525,2900.0,soy
3.2595110763595656,0.4962807335066901,1.4384013722830984,6.993872682175529,630.0,49.21629594624844,2910.0,soy
3.665390320350636,0.537299980197449,1.219503573701834,6.821359523541994,1074.0248293266718,49.19850169809128,2912.42,soy
3.160468951743128,0.5033748451496662,1.3907041600732968,6.940554621893102,1287.0,48.92,2920.0,soy
3.581581200626164,0.5237564550032555,0.9024652065261048,6.672550064471608,802.508507616982,49.07374425051823,2957.56,soy
3.596092221165599,0.5152239222814124,1.4302825076074126,6.866525314686727,1287.0,48.92,2990.0,soy
4.045344713751748,0.5433362802564978,1.12457393509917,6.803301102892925,1203.620120237254,49.19254311039751,3000.0,soy
3.305605609299329,0.3907945381713451,1.4343514920623797,7.016100998760082,922.5092903828764,49.19421713584882,3000.0,soy
3.2838679424976984,0.5563698869316671,1.1257687362586448,6.897122526401851,1093.2775477507469,48.54205956477466,3000.0,soy
3.947028977372158,0.3826382111818848,1.581985547950516,6.618836148766816,1080.0,49.08588659186183,3030.0,soy
3.254473754080599,0.4407513283484831,1.2093933450983874,6.888786310201923,800.0315410302488,48.435103887047134,3100.0,soy
3.680871186152298,0.4563241872699776,1.4644179639554464,6.9856065905975,752.905059924169,49.39520248282015,3100.0,soy
3.377698260907688,0.3177529605917536,0.8847899182748908,6.689781154737224,800.0315410302488,48.435103887047134,3100.0,soy
3.4009524510176754,0.4943865449549743,0.6145106337543338,6.725493135820258,752.905059924169,49.39520248282015,3100.0,soy
3.3759960610900954,0.4897243148811687,1.140546948080575,6.750368640983695,804.2275882440725,48.98549045021544,3200.0,soy
3.36548739602381,0.4926256418520582,1.063052739582293,6.817170420821006,703.0298625199632,48.93947909449762,3200.0,soy
3.282487597152454,0.5329705034456039,0.7735675826813582,6.767924718564542,823.690595722151,48.93478210080478,3200.0,soy
3.0143783893134954,0.388305541514399,1.0133649274227177,6.745498923773503,948.0062256995418,48.52935129035724,3200.0,soy
3.528155421120136,0.5068823604298268,1.153446729735936,6.471277503915216,1080.0,48.462964084649144,3240.0,soy
3.33913782857828,0.4066041209099633,1.3576430156928458,7.028957976988722,630.0,48.8678691687425,3250.0,soy
3.594339415966916,0.4413714678888411,1.3015178737352049,6.736310994032151,630.0,48.29380992748767,3260.0,soy
3.2829371448001927,0.490368132047177,1.3414374190583898,6.550088225770233,1080.0,48.438824449098234,3260.0,soy
3.42220458273345,0.4666185675084479,1.2617522898428253,6.783200875842982,826.0,48.92,3290.0,soy
3.563937582300703,0.4676313415815349,1.557862250400213,6.705095488891213,828.8605198440214,49.37307242019112,3300.0,soy
2.9958562619961486,0.3563180343195373,0.9300510589156834,6.7596836273513,944.4888851363876,48.713182736580244,3300.0,soy
3.524457296476036,0.4773181834719236,1.2058026132415909,6.466921494869142,944.4888851363876,48.713182736580244,3300.0,soy
3.5946389590946763,0.4726041484278714,1.0438127942426254,6.71564766704941,828.8605198440214,49.37307242019112,3300.0,soy
3.408040683401667,0.4199727619344102,1.274832870315943,6.67011690057164,948.0062256995418,48.52935129035724,3300.0,soy
3.76226159360639,0.3617244792632705,1.126983848631669,6.869686909615148,1067.9540467375164,48.61611427109103,3300.0,soy
3.166789907483773,0.4536744568627952,1.102916858294647,6.610097019995608,1093.2775477507469,48.54205956477466,3300.0,soy
3.602136845693493,0.373105395780936,1.1886341457705027,6.79396224660061,823.690595722151,48.93478210080478,3300.0,soy
3.600546477872878,0.452063078580606,1.2681454023434653,6.71683876347588,630.0,49.53833291511013,3310.0,soy
3.232699426242903,0.4644853262811406,1.4609945973323186,6.953696932563307,770.7938073094341,48.85693662458385,3400.0,soy
3.119796769173364,0.5799391879196714,0.7141227708363302,6.870680087422424,1025.8844450645845,49.191432524650224,3400.0,soy
3.817792100726405,0.468257532533241,1.0714567160279564,6.633815605680442,705.9375724668673,49.248339111095525,3400.0,soy
3.7441537578541393,0.3777025561902691,1.2129904414297807,6.817858843361121,826.0,48.92,3410.0,soy
3.1847746004594923,0.4318919790626248,1.188925051126537,6.913401839357605,826.0,48.92,3410.0,soy
3.3510349873272296,0.5756555570556319,1.1338230770228417,6.867992940078274,826.0,48.92,3410.0,soy
3.5841655099862813,0.5533885838837549,1.2273227923523116,7.029113619695643,1080.0,49.01553883689547,3420.0,soy
3.506878695912085,0.4479339342099913,1.3783169751322122,7.013419113938714,1080.0,48.462964084649144,3450.0,soy
3.2166318856886544,0.4384371018194944,1.0565124860185668,6.879967758833588,1080.0,48.438824449098234,3490.0,soy
3.846230965804056,0.4448689167068216,1.627541453269178,6.738529538140489,1067.9540467375164,48.61611427109103,3500.0,soy
3.1055812831893297,0.5689715665225568,1.0210167948201891,7.234620751791727,797.7816573410082,48.73380925326023,3500.0,soy
3.8335977830282544,0.4534734252236294,1.349776573464294,6.64509015843838,1133.226027169215,49.08767656678836,3500.0,soy
3.849122091980607,0.4496239467630639,1.4136417489200728,6.678760229519697,770.7938073094341,48.85693662458385,3500.0,soy
3.4573650290594355,0.4275932020494042,1.257860426608507,6.822266521235901,922.5092903828764,49.19421713584882,3500.0,soy
3.22015551839936,0.4053363909277532,1.3591595251588655,6.499527666834624,826.0,48.92,3510.0,soy
3.3011276174850805,0.3802784753339979,1.444423645322149,6.990190538911708,826.0,48.92,3510.0,soy
3.3264028643010706,0.3342878112436897,1.6694023961411917,6.917220555756176,917.1966575807588,49.21051306097977,3600.0,soy
3.48364370286836,0.457815653139346,1.3991778846937248,6.8140963934890255,678.5911025766095,48.88523372450351,3600.0,soy
2.918665990258386,0.5049146818914121,1.298706376564086,6.912848224499168,1133.226027169215,49.08767656678836,3600.0,soy
3.411631657957853,0.3378137445292994,1.1914918744650895,7.0126260842212,603.4245098962706,49.234366165139264,3600.0,soy
3.927178296160228,0.5099561194292038,1.0604516065344576,7.01410704132461,917.1966575807588,49.21051306097977,3700.0,soy
3.7242512953961993,0.426450681218547,0.9374923743343542,6.985756799302124,603.4245098962706,49.234366165139264,3700.0,soy
3.726947919967041,0.4961720293366619,0.8481306358788012,7.16126673503943,797.7816573410082,48.73380925326023,3700.0,soy
3.07625622229929,0.388736434599341,1.253837342987878,7.157304970858787,945.0,48.019999999999996,3770.0,soy
3.684278459816693,0.5688972357735296,0.8932881911058805,6.781946714145638,1203.620120237254,49.19254311039751,3800.0,soy
3.271119537093119,0.5483938967600015,1.1441196306492396,6.96646428916376,678.5911025766095,48.88523372450351,3800.0,soy
3.393060396698405,0.6856480299413353,1.0783829336683664,6.719059399888212,945.0,48.019999999999996,3900.0,soy
3.2340106043119543,0.460031638384955,1.0330350730283655,6.675734383162851,945.0,48.019999999999996,3900.0,soy
3.489111428264642,0.4536594107914594,1.0323427775904457,6.9772479979238495,945.0,48.019999999999996,3900.0,soy
3.260958906526213,0.369980166242101,0.8955867984961026,6.753062248202773,945.0,48.019999999999996,3950.0,soy
3.057359873658141,0.4462145992282096,1.477550808690686,6.803720079102388,945.0,48.019999999999996,4000.0,soy
3.095,0.6050503771050396,1.21612255183925,6.847497121919391,893.0,51.08,4200.0,soy
4.375,0.4450347874182806,0.8968878409352392,6.580899773015839,893.0,51.08,4500.0,soy
3.303,0.3785047368276967,1.3150266535319106,6.353644738110074,831.0,50.36,12100.0,soy
4.134,0.3273873421451527,1.0127925898595649,6.574556961668504,831.0,50.36,12400.0,soy
3.993,0.5416083214374321,1.1105762216606965,6.885041364229428,865.0,49.82,13100.0,soy
6.338,0.4396362484683532,1.0642422582569413,6.784801680864579,865.0,49.82,13300.0,soy
10.078205478162603,37.87845226294475,524.9047189566002,5.375787604111785,487.3,72.06869260255867,3490.0,wheat
19.99578752805625,23.15427771372038,446.362401397754,5.270135723060985,487.3,73.23649236284383,3495.0,wheat
17.74627551042104,4.418500406891276,374.7484182651474,5.010693966923308,487.3,72.68721958301204,3586.0,wheat
12.07487309046094,4.924121279704554,-60.25312986552589,6.550664985024604,1080.0,71.9459209469155,3590.0,wheat
7.237539190219859,23.448667660977023,322.91069237743363,5.435239096323313,630.0,73.67361457967147,3610.0,wheat
9.606691075869549,21.76437930479576,260.4920038945169,4.91280553177562,487.3,71.74312023374995,3660.0,wheat
10.979363066870278,20.364033735465625,162.25372684109522,6.452315177039547,487.3,73.15192563198488,3660.0,wheat
17.29580113503998,21.232964597335123,367.8393381743018,6.641050806876908,950.0,71.32354757269925,3670.0,wheat
17.707529062356752,47.63302393101237,281.47789397699285,6.278269613534631,487.3,72.42248195000147,3686.0,wheat
7.439258331941847,29.788906936448228,118.3590452243494,3.64420107817714,487.3,71.4308672347381,3686.0,wheat
23.95157488283859,26.935435495349296,-69.30108011874742,7.178782362796889,487.3,72.93452567840066,3686.0,wheat
23.547376737706152,-12.004077176317388,530.025847581452,6.220009288441956,487.3,72.70966388578927,3690.0,wheat
4.0,8.344547144503885,156.2712065920305,5.971804000852798,487.3,73.06172893694676,3721.0,wheat
15.75137818166227,30.4990181383124,46.81025531871848,6.0991299014505485,487.3,71.54804845626042,3770.0,wheat
13.453555632445257,31.768540864304605,357.8332356701701,6.312374235656661,664.5,70.28854986511749,3790.0,wheat
25.50212419618193,42.01980733003148,265.9981013388839,6.012681749084741,487.3,71.02981392174895,3810.0,wheat
7.483491707390666,12.299775861968724,44.90265405393788,6.966533844019031,664.5,72.64735417587566,3832.0,wheat
23.773284747042677,2.7443414416169354,304.21429142795427,4.641834415144039,950.0,72.19316506849135,3920.0,wheat
10.782293401268143,26.605689254287075,200.37402303408012,7.190592879467332,487.3,72.04100506935832,3922.0,wheat
13.167947168010938,17.396357475292312,-27.33968324219376,6.065659900763178,487.3,72.97465260650053,3922.0,wheat
17.54879390546246,16.06157778200431,360.5952728573809,4.262338806420635,487.3,72.8943078924444,3922.0,wheat
37.5,6.79738131118774,67.37001151246645,7.317289704849085,487.3,72.21554297274956,3979.0,wheat
37.5,26.20387797288418,112.65910700009208,6.123774437864871,487.3,73.93011251779228,3979.0,wheat
37.5,37.26880072902864,114.07538831449516,4.811448191758454,487.3,72.82099036732757,3979.0,wheat
16.178019115273813,47.06145971943897,208.40437631740213,6.076775954094486,487.3,73.63900201094187,3990.0,wheat
9.751669633276762,19.962099300951134,93.71674372226718,5.972504570926676,487.3,72.51105834703168,4019.0,wheat
19.140602626269672,10.096170772434442,179.9147219141315,3.0289528195047093,487.3,72.62120834001873,4019.0,wheat
14.483746838346269,33.42645975777347,376.7858597536296,5.388252737249102,487.3,72.65340422486479,4019.0,wheat
21.200396406928824,44.47024151976211,157.20684743117238,5.530208560303919,487.3,72.53392334373102,4020.0,wheat
20.50905210235405,36.24015606216653,141.9798431864181,6.016761083468436,487.3,72.97465260650053,4047.0,wheat
21.2413036719368,21.460020218027577,479.3189913593684,4.898125217662097,487.3,73.63900201094187,4070.0,wheat
4.5,56.66410092456418,369.7975630064492,6.386050778615841,487.3,72.85921035259014,4082.0,wheat
7.927427746094249,11.093809357285645,86.9348528132412,6.740716741493052,487.3,72.04100506935832,4107.0,wheat
14.569247832366692,20.53847083523621,241.6956838274362,6.086878161728488,487.3,74.15712985845003,4109.0,wheat
12.482814520370573,34.336989602680866,252.98290349466004,6.352069359835758,487.3,72.24827548822276,4140.0,wheat
31.079542717351995,24.41472426276189,266.9322004444517,6.648811751248411,950.0,71.32354757269925,4140.0,wheat
37.0,23.04969981540662,140.79742548611915,5.203472536334164,487.3,71.5076713749578,4149.0,wheat
37.0,39.059193355595205,243.8075141264055,5.582690737118347,487.3,72.28863276159281,4149.0,wheat
37.0,28.320810778987703,180.99487657038347,6.013633838851938,487.3,72.81674424337402,4149.0,wheat
15.81286524652634,40.751253119548565,379.65067164672473,5.929029575225028,487.3,73.15192563198488,4180.0,wheat
17.623937416791374,15.59909580492005,202.48984996615397,4.153070292266577,487.3,72.68721958301204,4218.0,wheat
7.4429353672162994,16.683660431544194,279.81447972416794,6.178671565686655,487.3,72.70966388578927,4218.0,wheat
12.907698855171311,19.64902962901094,231.33132092654893,7.055086538571807,487.3,72.64070012225429,4218.0,wheat
14.641635909146231,9.425349868726066,331.6056959623545,6.251142816582935,950.0,72.19316506849135,4240.0,wheat
18.723082691075568,-2.513444466051123,277.60025347575106,4.99690225096537,487.3,72.8943078924444,4246.0,wheat
20.82467275340029,22.08725396772405,162.1299659460813,5.2248759959273805,487.3,72.42511552043608,4270.0,wheat
14.299467900346594,15.533782565458852,67.91536600257712,5.05708047366964,487.3,71.54804845626042,4300.0,wheat
28.964638695906476,52.69113821696341,265.0259858105543,5.684676522720211,487.3,73.29664831736179,4300.0,wheat
21.9406639460568,20.64906069263329,234.82884819573343,4.9864539512233,487.3,72.42511552043608,4347.0,wheat
14.400351841470414,24.11818513879886,218.7008216841898,5.492986391143459,487.3,74.15712985845003,4347.0,wheat
18.87605713999277,25.744195393344636,510.8228754863581,6.12462717077927,487.3,71.9952450255088,4347.0,wheat
16.496523799483672,39.04499651713476,22.34281580466029,6.257102859619828,487.3,72.65340422486479,4347.0,wheat
21.061856392560408,48.44594353644932,304.5473576041785,6.937761581742092,664.5,71.99034569825562,4427.0,wheat
17.5,22.704116088227817,-22.65508602217355,5.369220636877643,487.3,71.38308967538171,4470.0,wheat
17.5,7.728174749128421,240.19740232955945,6.243890884208335,487.3,73.15583914958356,4470.0,wheat
17.5,26.29762437153023,179.71048506734826,5.364304602137598,487.3,73.4463878024179,4470.0,wheat
18.49863361489318,32.8039088132587,2.789486224699118,4.173041579779332,487.3,72.73580472680716,4473.0,wheat
13.77645331682365,44.37956481746934,391.3981358934761,6.190651984597392,487.3,71.9952450255088,4559.0,wheat
20.22334301918392,46.27268749705914,509.9756571195708,5.383010555797291,487.3,71.41339282471243,4574.0,wheat
14.8122328084929,41.87880380759575,138.04541401314714,4.6674038614619535,487.3,72.64070012225429,4593.0,wheat
11.928644418339267,24.393092691934548,106.94956189145311,5.6661831868956725,487.3,72.62120834001873,4778.0,wheat
12.693794261838356,33.1032211652724,179.0945883521737,6.845176578562276,487.3,72.84854658320116,4801.0,wheat
15.366286435237326,8.043602684799303,306.6221608819342,5.90589907468083,487.3,71.41339282471243,4801.0,wheat
11.532613998440835,18.346358711293018,-60.40151943872283,5.611199365841544,487.3,72.86943096598122,4801.0,wheat
13.882596503023716,19.847172643577835,31.60970762541959,4.962585478570349,722.2,72.90054099365229,4833.0,wheat
7.348891581751132,21.93368713469574,125.6977370542266,5.105708300384766,722.2,72.35564303428886,4833.0,wheat
15.811011832950964,26.81141075814581,255.06439054098925,6.951398923277787,722.2,72.99965182985106,4833.0,wheat
14.93645434253108,42.45809336663129,-121.4565344233502,5.490960005149824,487.3,72.51105834703168,4857.0,wheat
27.493743042491392,14.174647540798334,187.6424974671961,5.485396152743729,487.3,73.7826137099257,4897.0,wheat
21.888465608949307,11.0,186.0,6.6,487.3,73.46420455546968,5038.0,wheat
11.073202528687997,29.29695698118416,98.97978065959396,6.124336753972901,487.3,72.73580472680716,5169.0,wheat
18.227426003638783,21.154606770032807,234.6065128611713,5.070265692765139,487.3,73.7826137099257,5169.0,wheat
24.00794080095409,9.45548254900348,415.2909620806639,4.930522594652568,487.3,72.13157432336877,5169.0,wheat
19.70133842237242,11.492542879451534,139.61649124384576,6.078941502734801,487.3,72.84854658320116,5245.0,wheat
11.963241088107164,55.35963685923336,291.7232201439412,5.40816827583184,487.3,72.86943096598122,5292.0,wheat
17.46866042485007,41.04919363311054,192.04647395378444,6.773227314264871,722.2,72.90054099365229,5353.0,wheat
19.19053660323105,22.0112754527308,369.8073311305608,4.431652093497906,487.3,72.13157432336877,5478.0,wheat
16.494687449246733,13.927872234567834,160.44138219886207,6.085282691383932,487.3,71.91096178855952,5800.0,wheat
12.9311913298633,33.88903362882913,131.45934354517996,6.219271899143243,722.2,72.99965182985106,5814.0,wheat
20.668699951015054,12.599839402507808,287.71640782311755,4.812569299863794,487.3,71.91096178855952,5900.0,wheat
14.0,30.958294912344616,184.9613725383359,4.429064722355874,487.3,73.0034826662853,6032.0,wheat
14.0,33.27759405523365,420.69955530128607,6.366404970635125,487.3,73.06172893694676,6032.0,wheat
14.0,25.511999468728064,274.8745829224111,4.833262291392731,487.3,72.85921035259014,6032.0,wheat
13.830876359100108,67.32119838653583,12.50923721506473,6.017198961104926,722.2,72.35564303428886,6249.0,wheat
18.72976548087425,24.487607850213696,339.84887605137965,5.593023765738553,487.3,72.13447419986184,6463.0,wheat
10.496809685605436,20.651179028334106,309.7650719019497,6.585218973929493,487.3,72.45879414543235,7627.0,wheat
22.29380025848477,20.67541025763057,646.630973794707,6.037406577954292,487.3,72.45879414543235,7645.0,wheat
16.468233974232337,19.22897975263493,220.97216724007183,6.0969138515548496,487.3,72.13447419986184,8109.0,wheat
20.726498819949764,15.252744412014948,109.90043819681112,5.022586065540383,487.3,74.18311605108315,8390.0,wheat
20.261847309268703,20.90486497117059,130.39681103151815,6.914152085776381,487.3,72.23690821421347,8409.0,wheat
20.60383467896752,21.60249687745814,139.73124290384385,4.537973400691461,487.3,74.18311605108315,8534.0,wheat
8.415476584102738,-2.394449834439449,58.7195958155783,6.2909402077723,487.3,73.09699750022483,8907.0,wheat
23.866755249789836,34.39803945953452,170.43465677150024,5.608638912490989,487.3,72.16133467285256,8967.0,wheat
20.30673944138695,54.68852261143856,381.15691206221584,6.309195901887085,487.3,72.16133467285256,9065.0,wheat
17.20461791133394,14.18976078168286,393.2777256593524,6.6238099825749615,487.3,73.04287320569381,9175.0,wheat
16.882175634250157,15.51504139462967,442.3773427720257,6.24155103193954,487.3,72.23690821421347,10069.0,wheat
21.815817753667524,23.277859034197363,71.70430227676547,5.195252959261025,487.3,73.09699750022483,10123.0,wheat
9.409615860517818,48.06664580763496,138.86991456265469,4.878810819140758,487.3,73.04287320569381,11061.0,wheat
21.51290798708369,32.30371368294484,387.0829509442575,4.793331043579958,487.3,71.80160205630601,11560.0,wheat
16.575727703739236,23.45867265298188,344.6515151563752,6.017304573496701,487.3,71.80160205630601,11816.0,wheat
